{
    "rmse": 442.38631996627345,
    "mae": 115.60171578577965,
    "rmsle": 1.2191136679568406
}