{
    "rmse": 373.565310683276,
    "mae": 107.15044743623307,
    "rmsle": 1.2347712790200325
}